{"cameraMode":{"drawMode":0,"name":"Shaded","section":"Shading Mode"},"sceneLighting":false,"audioPlay":false,"sceneViewState":{"showFog":true,"showMaterialUpdate":false,"showSkybox":false,"showFlares":true,"showImageEffects":true,"showParticleSystems":true},"in2DMode":false,"pivot":{"x":-2.562424659729004,"y":2.365706443786621,"z":1.7759437561035157},"rotation":{"x":0.19709235429763795,"y":-0.11587391048669815,"z":0.02347588539123535,"w":0.9732414484024048},"size":7.267735481262207,"orthographic":false}