{"cameraMode":{"drawMode":0,"name":"Shaded","section":"Shading Mode"},"sceneLighting":false,"audioPlay":false,"sceneViewState":{"showFog":true,"showMaterialUpdate":false,"showSkybox":false,"showFlares":true,"showImageEffects":true,"showParticleSystems":true},"in2DMode":false,"pivot":{"x":0.2556114196777344,"y":-0.02978515625,"z":0.08184814453125},"rotation":{"x":0.5005407333374023,"y":0.02310985140502453,"z":-0.01333738025277853,"w":0.8653623461723328},"size":2.221848487854004,"orthographic":true}