{"cameraMode":{"drawMode":0,"name":"Shaded","section":"Shading Mode"},"sceneLighting":false,"audioPlay":false,"sceneViewState":{"showFog":true,"showMaterialUpdate":false,"showSkybox":false,"showFlares":true,"showImageEffects":true,"showParticleSystems":true},"in2DMode":false,"pivot":{"x":-0.375,"y":-0.031000003218650819,"z":0.4329805076122284},"rotation":{"x":0.42742034792900088,"y":0.030912790447473527,"z":-0.014581704512238503,"w":0.9034421443939209},"size":2.1979424953460695,"orthographic":true}